{
    "redirects": [
        {
            "source": "/archivo",
            "destination": "/",
            "permanent": true
        },
        {
            "source": "/semanales2022",
            "destination": "/ejercicios",
            "permanent": true
        },
        {
            "source": "/semanales2023",
            "destination": "/ejercicios",
            "permanent": true
        },
        {
            "source": "/mensuales2022",
            "destination": "/proyectos",
            "permanent": true
        }
    ]
}